{
  "runs": [
    {
      "num_requests": 10,
      "successful_requests": 10,
      "failed_requests": 0,
      "concurrency": 2,
      "warmup_requests": 2,
      "seed": 42,
      "wall_clock_sec": 2.798609983999995,
      "req_per_sec": 3.5732024316254343,
      "p50_latency_sec": 0.6657294395000122,
      "p95_latency_sec": 1.0193820795499335,
      "tokens_per_sec": 64.31764376925781,
      "total_tokens": 180,
      "errors": [],
      "run_idx": 1
    },
    {
      "num_requests": 10,
      "successful_requests": 10,
      "failed_requests": 0,
      "concurrency": 2,
      "warmup_requests": 2,
      "seed": 43,
      "wall_clock_sec": 4.392593131000012,
      "req_per_sec": 2.2765595860510333,
      "p50_latency_sec": 0.9934328544999858,
      "p95_latency_sec": 1.0100190403000113,
      "tokens_per_sec": 65.56491607826976,
      "total_tokens": 288,
      "errors": [],
      "run_idx": 2
    },
    {
      "num_requests": 10,
      "successful_requests": 10,
      "failed_requests": 0,
      "concurrency": 2,
      "warmup_requests": 2,
      "seed": 44,
      "wall_clock_sec": 3.0788613659999555,
      "req_per_sec": 3.247953971046108,
      "p50_latency_sec": 0.9810589929999765,
      "p95_latency_sec": 0.9948441496499527,
      "tokens_per_sec": 63.65989783250372,
      "total_tokens": 196,
      "errors": [],
      "run_idx": 3
    }
  ],
  "num_runs": 3,
  "req_per_sec_mean": 3.0325719962408586,
  "req_per_sec_std": 0.67462042182851,
  "p50_latency_sec_mean": 0.8800737623333248,
  "p50_latency_sec_std": 0.1857307046781949,
  "p95_latency_sec_mean": 1.0080817564999658,
  "p95_latency_sec_std": 0.012383145898176772,
  "tokens_per_sec_mean": 64.51415256001043,
  "tokens_per_sec_std": 0.9675925835844732,
  "wall_clock_sec_mean": 3.423354826999988,
  "wall_clock_sec_std": 0.8510008088914224,
  "num_requests": 10,
  "concurrency": 2,
  "max_new_tokens": null,
  "warmup_requests": 2,
  "successful_requests_mean": 10,
  "failed_requests_total": 0,
  "strategy": "dynamic",
  "load_config": "light",
  "config": {
    "name": "light",
    "num_requests": 10,
    "concurrency": 2,
    "max_new_tokens": 32
  }
}