{
  "runs": [
    {
      "num_requests": 30,
      "successful_requests": 30,
      "failed_requests": 0,
      "concurrency": 5,
      "warmup_requests": 2,
      "seed": 42,
      "wall_clock_sec": 12.868306178000012,
      "req_per_sec": 2.3313091548356826,
      "p50_latency_sec": 1.7562100555000484,
      "p95_latency_sec": 4.515437616899936,
      "tokens_per_sec": 38.85515258059471,
      "total_tokens": 500,
      "errors": [],
      "run_idx": 1
    },
    {
      "num_requests": 30,
      "successful_requests": 30,
      "failed_requests": 0,
      "concurrency": 5,
      "warmup_requests": 2,
      "seed": 43,
      "wall_clock_sec": 19.924784980000027,
      "req_per_sec": 1.5056624214571555,
      "p50_latency_sec": 2.9633051569999793,
      "p95_latency_sec": 6.6358623821499805,
      "tokens_per_sec": 38.795901726212705,
      "total_tokens": 773,
      "errors": [],
      "run_idx": 2
    },
    {
      "num_requests": 30,
      "successful_requests": 30,
      "failed_requests": 0,
      "concurrency": 5,
      "warmup_requests": 2,
      "seed": 44,
      "wall_clock_sec": 20.48018074999993,
      "req_per_sec": 1.4648308218666528,
      "p50_latency_sec": 3.381456956500017,
      "p95_latency_sec": 6.47804595744999,
      "tokens_per_sec": 39.11098294383963,
      "total_tokens": 801,
      "errors": [],
      "run_idx": 3
    }
  ],
  "num_runs": 3,
  "req_per_sec_mean": 1.7672674660531635,
  "req_per_sec_std": 0.48890088453055264,
  "p50_latency_sec_mean": 2.7003240563333484,
  "p50_latency_sec_std": 0.8439349304202161,
  "p95_latency_sec_mean": 5.876448652166635,
  "p95_latency_sec_std": 1.1813085052451675,
  "tokens_per_sec_mean": 38.92067908354902,
  "tokens_per_sec_std": 0.1674495009469475,
  "wall_clock_sec_mean": 17.757757302666658,
  "wall_clock_sec_std": 4.243485046599244,
  "num_requests": 30,
  "concurrency": 5,
  "max_new_tokens": null,
  "warmup_requests": 2,
  "successful_requests_mean": 30,
  "failed_requests_total": 0,
  "strategy": "baseline",
  "load_config": "medium",
  "config": {
    "name": "medium",
    "num_requests": 30,
    "concurrency": 5,
    "max_new_tokens": 64
  }
}