{
  "runs": [
    {
      "num_requests": 30,
      "successful_requests": 30,
      "failed_requests": 0,
      "concurrency": 5,
      "warmup_requests": 2,
      "seed": 42,
      "wall_clock_sec": 10.701272952999943,
      "req_per_sec": 2.8034048034995633,
      "p50_latency_sec": 1.958061526500046,
      "p95_latency_sec": 1.9818693586000051,
      "tokens_per_sec": 162.5974786029747,
      "total_tokens": 1740,
      "errors": [],
      "run_idx": 1
    },
    {
      "num_requests": 30,
      "successful_requests": 30,
      "failed_requests": 0,
      "concurrency": 5,
      "warmup_requests": 2,
      "seed": 43,
      "wall_clock_sec": 10.863029767999933,
      "req_per_sec": 2.761660479691708,
      "p50_latency_sec": 1.9487789499999622,
      "p95_latency_sec": 1.9613482185999715,
      "tokens_per_sec": 163.85852179504136,
      "total_tokens": 1780,
      "errors": [],
      "run_idx": 2
    },
    {
      "num_requests": 30,
      "successful_requests": 30,
      "failed_requests": 0,
      "concurrency": 5,
      "warmup_requests": 2,
      "seed": 44,
      "wall_clock_sec": 10.78241695700001,
      "req_per_sec": 2.7823075401034107,
      "p50_latency_sec": 1.9640469295000003,
      "p95_latency_sec": 1.9874047349500246,
      "tokens_per_sec": 162.76499109604953,
      "total_tokens": 1755,
      "errors": [],
      "run_idx": 3
    }
  ],
  "num_runs": 3,
  "req_per_sec_mean": 2.782457607764894,
  "req_per_sec_std": 0.020872566511357292,
  "p50_latency_sec_mean": 1.9569624686666696,
  "p50_latency_sec_std": 0.007693097269255458,
  "p95_latency_sec_mean": 1.9768741040500004,
  "p95_latency_sec_std": 0.013727706913015449,
  "tokens_per_sec_mean": 163.0736638313552,
  "tokens_per_sec_std": 0.6848478854499233,
  "wall_clock_sec_mean": 10.78223989266663,
  "wall_clock_sec_std": 0.08087855286519932,
  "num_requests": 30,
  "concurrency": 5,
  "max_new_tokens": null,
  "warmup_requests": 2,
  "successful_requests_mean": 30,
  "failed_requests_total": 0,
  "strategy": "dynamic",
  "load_config": "medium",
  "config": {
    "name": "medium",
    "num_requests": 30,
    "concurrency": 5,
    "max_new_tokens": 64
  }
}