{
  "runs": [
    {
      "num_requests": 30,
      "successful_requests": 30,
      "failed_requests": 0,
      "concurrency": 8,
      "warmup_requests": 2,
      "seed": 42,
      "wall_clock_sec": 13.210508252999944,
      "req_per_sec": 2.2709194396958474,
      "p50_latency_sec": 2.7330562110000187,
      "p95_latency_sec": 3.895706996400037,
      "tokens_per_sec": 242.8369854181426,
      "total_tokens": 3208,
      "errors": [],
      "run_idx": 1
    },
    {
      "num_requests": 30,
      "successful_requests": 30,
      "failed_requests": 0,
      "concurrency": 8,
      "warmup_requests": 2,
      "seed": 43,
      "wall_clock_sec": 15.607143073999964,
      "req_per_sec": 1.9221967696302589,
      "p50_latency_sec": 3.9025155080000786,
      "p95_latency_sec": 3.920068274250002,
      "tokens_per_sec": 246.04118651267314,
      "total_tokens": 3840,
      "errors": [],
      "run_idx": 2
    },
    {
      "num_requests": 30,
      "successful_requests": 30,
      "failed_requests": 0,
      "concurrency": 8,
      "warmup_requests": 2,
      "seed": 44,
      "wall_clock_sec": 14.721980393999957,
      "req_per_sec": 2.037769321593901,
      "p50_latency_sec": 3.8846256974999847,
      "p95_latency_sec": 3.89196907485001,
      "tokens_per_sec": 246.16253404854322,
      "total_tokens": 3624,
      "errors": [],
      "run_idx": 3
    }
  ],
  "num_runs": 3,
  "req_per_sec_mean": 2.076961843640002,
  "req_per_sec_std": 0.17763421824825573,
  "p50_latency_sec_mean": 3.506732472166694,
  "p50_latency_sec_std": 0.6700830016867809,
  "p95_latency_sec_mean": 3.9025814485000163,
  "p95_latency_sec_std": 0.015258925928331531,
  "tokens_per_sec_mean": 245.01356865978633,
  "tokens_per_sec_std": 1.8859526139244958,
  "wall_clock_sec_mean": 14.51321057366662,
  "wall_clock_sec_std": 1.2118800455156278,
  "num_requests": 30,
  "concurrency": 8,
  "max_new_tokens": null,
  "warmup_requests": 2,
  "successful_requests_mean": 30,
  "failed_requests_total": 0,
  "strategy": "dynamic",
  "load_config": "heavy",
  "config": {
    "name": "heavy",
    "num_requests": 30,
    "concurrency": 8,
    "max_new_tokens": 128
  }
}