{
  "runs": [
    {
      "num_requests": 10,
      "successful_requests": 10,
      "failed_requests": 0,
      "concurrency": 2,
      "warmup_requests": 2,
      "seed": 42,
      "wall_clock_sec": 2.1384051190000264,
      "req_per_sec": 4.67638237074379,
      "p50_latency_sec": 0.05477066449998347,
      "p95_latency_sec": 1.0956271258500407,
      "tokens_per_sec": 62.66352376796679,
      "total_tokens": 134,
      "errors": [],
      "run_idx": 1
    },
    {
      "num_requests": 10,
      "successful_requests": 10,
      "failed_requests": 0,
      "concurrency": 2,
      "warmup_requests": 2,
      "seed": 43,
      "wall_clock_sec": 2.0736304509999854,
      "req_per_sec": 4.822460045943871,
      "p50_latency_sec": 0.05613622900000337,
      "p95_latency_sec": 1.0142299398499972,
      "tokens_per_sec": 64.62096461564788,
      "total_tokens": 134,
      "errors": [],
      "run_idx": 2
    },
    {
      "num_requests": 10,
      "successful_requests": 10,
      "failed_requests": 0,
      "concurrency": 2,
      "warmup_requests": 2,
      "seed": 44,
      "wall_clock_sec": 3.11114145800002,
      "req_per_sec": 3.2142543613007053,
      "p50_latency_sec": 0.9941054215000236,
      "p95_latency_sec": 1.0043176443500044,
      "tokens_per_sec": 62.999385481493825,
      "total_tokens": 196,
      "errors": [],
      "run_idx": 3
    }
  ],
  "num_runs": 3,
  "req_per_sec_mean": 4.237698925996122,
  "req_per_sec_std": 0.8893333202750296,
  "p50_latency_sec_mean": 0.3683374383333368,
  "p50_latency_sec_std": 0.5419314004179662,
  "p95_latency_sec_mean": 1.0380582366833475,
  "p95_latency_sec_std": 0.050101857754329404,
  "tokens_per_sec_mean": 63.42795795503616,
  "tokens_per_sec_std": 1.0467327461445288,
  "wall_clock_sec_mean": 2.441059009333344,
  "wall_clock_sec_std": 0.5812114980039326,
  "num_requests": 10,
  "concurrency": 2,
  "max_new_tokens": null,
  "warmup_requests": 2,
  "successful_requests_mean": 10,
  "failed_requests_total": 0,
  "strategy": "batched",
  "load_config": "light",
  "config": {
    "name": "light",
    "num_requests": 10,
    "concurrency": 2,
    "max_new_tokens": 32
  }
}