{
  "runs": [
    {
      "num_requests": 30,
      "successful_requests": 30,
      "failed_requests": 0,
      "concurrency": 5,
      "warmup_requests": 2,
      "seed": 42,
      "wall_clock_sec": 11.717271895000067,
      "req_per_sec": 2.560322937696909,
      "p50_latency_sec": 1.9661793795000335,
      "p95_latency_sec": 3.799982092450005,
      "tokens_per_sec": 121.18861905098703,
      "total_tokens": 1420,
      "errors": [],
      "run_idx": 1
    },
    {
      "num_requests": 30,
      "successful_requests": 30,
      "failed_requests": 0,
      "concurrency": 5,
      "warmup_requests": 2,
      "seed": 43,
      "wall_clock_sec": 14.106438563000097,
      "req_per_sec": 2.126688452653618,
      "p50_latency_sec": 1.9725731909999809,
      "p95_latency_sec": 3.9475801082500026,
      "tokens_per_sec": 122.49725487284839,
      "total_tokens": 1728,
      "errors": [],
      "run_idx": 2
    },
    {
      "num_requests": 30,
      "successful_requests": 30,
      "failed_requests": 0,
      "concurrency": 5,
      "warmup_requests": 2,
      "seed": 44,
      "wall_clock_sec": 13.806500080999967,
      "req_per_sec": 2.1728895682465517,
      "p50_latency_sec": 1.9620333710000182,
      "p95_latency_sec": 3.9388085014000125,
      "tokens_per_sec": 129.9387961811438,
      "total_tokens": 1794,
      "errors": [],
      "run_idx": 3
    }
  ],
  "num_runs": 3,
  "req_per_sec_mean": 2.2866336528656928,
  "req_per_sec_std": 0.23814492277618454,
  "p50_latency_sec_mean": 1.9669286471666776,
  "p50_latency_sec_std": 0.005309708366295827,
  "p95_latency_sec_mean": 3.895456900700007,
  "p95_latency_sec_std": 0.08279984619227047,
  "tokens_per_sec_mean": 124.54155670165974,
  "tokens_per_sec_std": 4.719722176965582,
  "wall_clock_sec_mean": 13.21007017966671,
  "wall_clock_sec_std": 1.3014706344262594,
  "num_requests": 30,
  "concurrency": 5,
  "max_new_tokens": null,
  "warmup_requests": 2,
  "successful_requests_mean": 30,
  "failed_requests_total": 0,
  "strategy": "batched",
  "load_config": "medium",
  "config": {
    "name": "medium",
    "num_requests": 30,
    "concurrency": 5,
    "max_new_tokens": 64
  }
}