{
  "runs": [
    {
      "num_requests": 30,
      "successful_requests": 30,
      "failed_requests": 0,
      "concurrency": 8,
      "warmup_requests": 2,
      "seed": 42,
      "wall_clock_sec": 21.928238695999994,
      "req_per_sec": 1.3680989347070727,
      "p50_latency_sec": 4.877800056500007,
      "p95_latency_sec": 7.793458422649974,
      "tokens_per_sec": 122.03442497587088,
      "total_tokens": 2676,
      "errors": [],
      "run_idx": 1
    },
    {
      "num_requests": 30,
      "successful_requests": 30,
      "failed_requests": 0,
      "concurrency": 8,
      "warmup_requests": 2,
      "seed": 43,
      "wall_clock_sec": 27.709263835,
      "req_per_sec": 1.0826704086633487,
      "p50_latency_sec": 7.397778759999994,
      "p95_latency_sec": 7.911544736799959,
      "tokens_per_sec": 122.55829026069107,
      "total_tokens": 3396,
      "errors": [],
      "run_idx": 2
    },
    {
      "num_requests": 30,
      "successful_requests": 30,
      "failed_requests": 0,
      "concurrency": 8,
      "warmup_requests": 2,
      "seed": 44,
      "wall_clock_sec": 23.65355393699997,
      "req_per_sec": 1.26830835145972,
      "p50_latency_sec": 6.66132805899997,
      "p95_latency_sec": 7.8988514362000215,
      "tokens_per_sec": 129.95932907957263,
      "total_tokens": 3074,
      "errors": [],
      "run_idx": 3
    }
  ],
  "num_runs": 3,
  "req_per_sec_mean": 1.2396925649433805,
  "req_per_sec_std": 0.14484995097801978,
  "p50_latency_sec_mean": 6.312302291833324,
  "p50_latency_sec_std": 1.2957381703620021,
  "p95_latency_sec_mean": 7.867951531883318,
  "p95_latency_sec_std": 0.06482435855809379,
  "tokens_per_sec_mean": 124.85068143871152,
  "tokens_per_sec_std": 4.4319656190021055,
  "wall_clock_sec_mean": 24.430352155999987,
  "wall_clock_sec_std": 2.967764229048311,
  "num_requests": 30,
  "concurrency": 8,
  "max_new_tokens": null,
  "warmup_requests": 2,
  "successful_requests_mean": 30,
  "failed_requests_total": 0,
  "strategy": "batched",
  "load_config": "heavy",
  "config": {
    "name": "heavy",
    "num_requests": 30,
    "concurrency": 8,
    "max_new_tokens": 128
  }
}