{
  "runs": [
    {
      "num_requests": 30,
      "successful_requests": 30,
      "failed_requests": 0,
      "concurrency": 8,
      "warmup_requests": 2,
      "seed": 42,
      "wall_clock_sec": 24.276631938000037,
      "req_per_sec": 1.2357562645682005,
      "p50_latency_sec": 4.985676335999983,
      "p95_latency_sec": 12.52129218559999,
      "tokens_per_sec": 38.88513045841271,
      "total_tokens": 944,
      "errors": [],
      "run_idx": 1
    },
    {
      "num_requests": 30,
      "successful_requests": 30,
      "failed_requests": 0,
      "concurrency": 8,
      "warmup_requests": 2,
      "seed": 43,
      "wall_clock_sec": 33.23137810000003,
      "req_per_sec": 0.902761236976807,
      "p50_latency_sec": 6.882144021500039,
      "p95_latency_sec": 14.171438516449914,
      "tokens_per_sec": 38.90900931370038,
      "total_tokens": 1293,
      "errors": [],
      "run_idx": 2
    },
    {
      "num_requests": 30,
      "successful_requests": 30,
      "failed_requests": 0,
      "concurrency": 8,
      "warmup_requests": 2,
      "seed": 44,
      "wall_clock_sec": 26.313313330000028,
      "req_per_sec": 1.1401072766384288,
      "p50_latency_sec": 4.673267704500006,
      "p95_latency_sec": 15.150570486900005,
      "tokens_per_sec": 39.14368316458606,
      "total_tokens": 1030,
      "errors": [],
      "run_idx": 3
    }
  ],
  "num_runs": 3,
  "req_per_sec_mean": 1.0928749260611454,
  "req_per_sec_std": 0.17144851502984734,
  "p50_latency_sec_mean": 5.513696020666676,
  "p50_latency_sec_std": 1.1953607139677727,
  "p95_latency_sec_mean": 13.947767062983303,
  "p95_latency_sec_std": 1.3288332422631794,
  "tokens_per_sec_mean": 38.97927431223305,
  "tokens_per_sec_std": 0.14288195470907902,
  "wall_clock_sec_mean": 27.940441122666698,
  "wall_clock_sec_std": 4.693882012440729,
  "num_requests": 30,
  "concurrency": 8,
  "max_new_tokens": null,
  "warmup_requests": 2,
  "successful_requests_mean": 30,
  "failed_requests_total": 0,
  "strategy": "baseline",
  "load_config": "heavy",
  "config": {
    "name": "heavy",
    "num_requests": 30,
    "concurrency": 8,
    "max_new_tokens": 128
  }
}