{
  "runs": [
    {
      "num_requests": 10,
      "successful_requests": 10,
      "failed_requests": 0,
      "concurrency": 2,
      "warmup_requests": 2,
      "seed": 42,
      "wall_clock_sec": 4.386049016000015,
      "req_per_sec": 2.2799562803609046,
      "p50_latency_sec": 0.9355445330000407,
      "p95_latency_sec": 1.2688775939499295,
      "tokens_per_sec": 38.30326551006319,
      "total_tokens": 168,
      "errors": [],
      "run_idx": 1
    },
    {
      "num_requests": 10,
      "successful_requests": 10,
      "failed_requests": 0,
      "concurrency": 2,
      "warmup_requests": 2,
      "seed": 43,
      "wall_clock_sec": 5.077049590999991,
      "req_per_sec": 1.9696478871758214,
      "p50_latency_sec": 0.8605347404999861,
      "p95_latency_sec": 1.6372544563999667,
      "tokens_per_sec": 38.6050985886461,
      "total_tokens": 196,
      "errors": [],
      "run_idx": 2
    },
    {
      "num_requests": 10,
      "successful_requests": 10,
      "failed_requests": 0,
      "concurrency": 2,
      "warmup_requests": 2,
      "seed": 44,
      "wall_clock_sec": 5.292587254999944,
      "req_per_sec": 1.8894350755489067,
      "p50_latency_sec": 1.197063337999964,
      "p95_latency_sec": 1.5884265667500983,
      "tokens_per_sec": 38.73341904875259,
      "total_tokens": 205,
      "errors": [],
      "run_idx": 3
    }
  ],
  "num_runs": 3,
  "req_per_sec_mean": 2.0463464143618775,
  "req_per_sec_std": 0.20624912340743717,
  "p50_latency_sec_mean": 0.9977142038333303,
  "p50_latency_sec_std": 0.1766682631727193,
  "p95_latency_sec_mean": 1.4981862056999982,
  "p95_latency_sec_std": 0.2000821587972619,
  "tokens_per_sec_mean": 38.54726104915396,
  "tokens_per_sec_std": 0.22083229483621986,
  "wall_clock_sec_mean": 4.918561953999983,
  "wall_clock_sec_std": 0.4735943865837701,
  "num_requests": 10,
  "concurrency": 2,
  "max_new_tokens": null,
  "warmup_requests": 2,
  "successful_requests_mean": 10,
  "failed_requests_total": 0,
  "strategy": "baseline",
  "load_config": "light",
  "config": {
    "name": "light",
    "num_requests": 10,
    "concurrency": 2,
    "max_new_tokens": 32
  }
}