{
  "runs": [
    {
      "num_requests": 10,
      "successful_requests": 10,
      "failed_requests": 0,
      "concurrency": 2,
      "warmup_requests": 2,
      "seed": 42,
      "wall_clock_sec": 4.291539515000068,
      "req_per_sec": 2.3301661245451313,
      "p50_latency_sec": 0.8570115405000251,
      "p95_latency_sec": 0.8608294571000101,
      "p99_latency_sec": 0.8609296818200278,
      "tokens_per_sec": 74.5653159854442,
      "prompt_set": "default",
      "total_tokens": 320,
      "errors": [],
      "run_idx": 1
    },
    {
      "num_requests": 10,
      "successful_requests": 10,
      "failed_requests": 0,
      "concurrency": 2,
      "warmup_requests": 2,
      "seed": 43,
      "wall_clock_sec": 4.289008309999986,
      "req_per_sec": 2.3315412974800305,
      "p50_latency_sec": 0.8562982899999838,
      "p95_latency_sec": 0.8618483162500127,
      "p99_latency_sec": 0.8635788416500065,
      "tokens_per_sec": 74.60932151936098,
      "prompt_set": "default",
      "total_tokens": 320,
      "errors": [],
      "run_idx": 2
    }
  ],
  "num_runs": 2,
  "req_per_sec_mean": 2.3308537110125807,
  "req_per_sec_std": 0.0009723941075714265,
  "p50_latency_sec_mean": 0.8566549152500045,
  "p50_latency_sec_std": 0.0005043442652639276,
  "p95_latency_sec_mean": 0.8613388866750114,
  "p95_latency_sec_std": 0.0007204422140407642,
  "p99_latency_sec_mean": 0.8622542617350172,
  "p99_latency_sec_std": 0.0018732388802249463,
  "tokens_per_sec_mean": 74.58731875240258,
  "tokens_per_sec_std": 0.031116611442285648,
  "wall_clock_sec_mean": 4.290273912500027,
  "wall_clock_sec_std": 0.0017898322201313356,
  "num_requests": 10,
  "concurrency": 2,
  "max_new_tokens": null,
  "warmup_requests": 2,
  "prompt_set": "default",
  "successful_requests_mean": 10,
  "failed_requests_total": 0,
  "strategy": "sla",
  "load_config": "light",
  "vllm_model": "zephyr-7b",
  "sla_policy": "reject_e2e_v2",
  "tier": "capstone",
  "config": {
    "name": "light",
    "num_requests": 10,
    "concurrency": 2,
    "max_new_tokens": 32
  }
}