{
  "runs": [
    {
      "num_requests": 10,
      "successful_requests": 10,
      "failed_requests": 0,
      "concurrency": 2,
      "warmup_requests": 2,
      "seed": 42,
      "wall_clock_sec": 2.214164396002161,
      "req_per_sec": 4.516376479567527,
      "p50_latency_sec": 0.44194429950039193,
      "p95_latency_sec": 0.44408307385256196,
      "p99_latency_sec": 0.4451621259721651,
      "tokens_per_sec": 144.52404734616087,
      "prompt_set": "default",
      "total_tokens": 320,
      "errors": [],
      "run_idx": 1
    },
    {
      "num_requests": 10,
      "successful_requests": 10,
      "failed_requests": 0,
      "concurrency": 2,
      "warmup_requests": 2,
      "seed": 43,
      "wall_clock_sec": 2.2139843169970845,
      "req_per_sec": 4.516743828413111,
      "p50_latency_sec": 0.4412400790006359,
      "p95_latency_sec": 0.4447800662997906,
      "p99_latency_sec": 0.4467183732594276,
      "tokens_per_sec": 144.53580250921956,
      "prompt_set": "default",
      "total_tokens": 320,
      "errors": [],
      "run_idx": 2
    }
  ],
  "num_runs": 2,
  "req_per_sec_mean": 4.516560153990319,
  "req_per_sec_std": 0.0002597548597736401,
  "p50_latency_sec_mean": 0.4415921892505139,
  "p50_latency_sec_std": 0.0004979590908280806,
  "p95_latency_sec_mean": 0.4444315700761763,
  "p95_latency_sec_std": 0.0004928480858711855,
  "p99_latency_sec_mean": 0.44594024961579637,
  "p99_latency_sec_std": 0.0011004330100264843,
  "tokens_per_sec_mean": 144.52992492769022,
  "tokens_per_sec_std": 0.008312155512756483,
  "wall_clock_sec_mean": 2.214074356499623,
  "wall_clock_sec_std": 0.0001273350856389552,
  "num_requests": 10,
  "concurrency": 2,
  "max_new_tokens": null,
  "warmup_requests": 2,
  "prompt_set": "default",
  "successful_requests_mean": 10,
  "failed_requests_total": 0,
  "strategy": "vllm",
  "load_config": "light",
  "vllm_model": "mistral-7b",
  "tier": "capstone",
  "config": {
    "name": "light",
    "num_requests": 10,
    "concurrency": 2,
    "max_new_tokens": 32
  }
}