{
  "runs": [
    {
      "num_requests": 30,
      "successful_requests": 30,
      "failed_requests": 0,
      "concurrency": 8,
      "warmup_requests": 2,
      "seed": 42,
      "wall_clock_sec": 6.763091880999127,
      "req_per_sec": 4.435840962664554,
      "p50_latency_sec": 1.7887965364989213,
      "p95_latency_sec": 1.8003317882003103,
      "p99_latency_sec": 1.8007108290512406,
      "tokens_per_sec": 500.06713785771746,
      "prompt_set": "default",
      "total_tokens": 3382,
      "errors": [],
      "run_idx": 1
    },
    {
      "num_requests": 30,
      "successful_requests": 30,
      "failed_requests": 0,
      "concurrency": 8,
      "warmup_requests": 2,
      "seed": 43,
      "wall_clock_sec": 6.195605675999104,
      "req_per_sec": 4.842141603074537,
      "p50_latency_sec": 1.7918184920017666,
      "p95_latency_sec": 1.7982595088005837,
      "p99_latency_sec": 1.799031538740237,
      "tokens_per_sec": 523.1126978521525,
      "prompt_set": "default",
      "total_tokens": 3241,
      "errors": [],
      "run_idx": 2
    }
  ],
  "num_runs": 2,
  "req_per_sec_mean": 4.638991282869545,
  "req_per_sec_std": 0.2872979380343358,
  "p50_latency_sec_mean": 1.790307514250344,
  "p50_latency_sec_std": 0.0021368452285058658,
  "p95_latency_sec_mean": 1.799295648500447,
  "p95_latency_sec_std": 0.0014653228160598246,
  "p99_latency_sec_mean": 1.7998711838957386,
  "p99_latency_sec_std": 0.0011874375664915593,
  "tokens_per_sec_mean": 511.5899178549349,
  "tokens_per_sec_std": 16.2956717483064,
  "wall_clock_sec_mean": 6.479348778499116,
  "wall_clock_sec_std": 0.4012733437853354,
  "num_requests": 30,
  "concurrency": 8,
  "max_new_tokens": null,
  "warmup_requests": 2,
  "prompt_set": "default",
  "successful_requests_mean": 30,
  "failed_requests_total": 0,
  "strategy": "vllm",
  "load_config": "heavy",
  "vllm_model": "mistral-7b",
  "tier": "capstone",
  "config": {
    "name": "heavy",
    "num_requests": 30,
    "concurrency": 8,
    "max_new_tokens": 128
  }
}