{
  "runs": [
    {
      "num_requests": 30,
      "successful_requests": 30,
      "failed_requests": 0,
      "concurrency": 5,
      "warmup_requests": 2,
      "seed": 42,
      "wall_clock_sec": 5.306293872999959,
      "req_per_sec": 5.653663501874472,
      "p50_latency_sec": 0.8823348865007574,
      "p95_latency_sec": 0.890999214997828,
      "p99_latency_sec": 0.8911309947210247,
      "tokens_per_sec": 359.5729987192164,
      "prompt_set": "default",
      "total_tokens": 1908,
      "errors": [],
      "run_idx": 1
    },
    {
      "num_requests": 30,
      "successful_requests": 30,
      "failed_requests": 0,
      "concurrency": 5,
      "warmup_requests": 2,
      "seed": 43,
      "wall_clock_sec": 5.314499029998842,
      "req_per_sec": 5.644934702341367,
      "p50_latency_sec": 0.883165392000592,
      "p95_latency_sec": 0.8911225984493285,
      "p99_latency_sec": 0.8918209575993024,
      "tokens_per_sec": 356.3835442078183,
      "prompt_set": "default",
      "total_tokens": 1894,
      "errors": [],
      "run_idx": 2
    }
  ],
  "num_runs": 2,
  "req_per_sec_mean": 5.6492991021079195,
  "req_per_sec_std": 0.006172193341475975,
  "p50_latency_sec_mean": 0.8827501392506747,
  "p50_latency_sec_std": 0.0005872560707457292,
  "p95_latency_sec_mean": 0.8910609067235782,
  "p95_latency_sec_std": 8.724527524223057e-05,
  "p99_latency_sec_mean": 0.8914759761601636,
  "p99_latency_sec_std": 0.00048787742999708346,
  "tokens_per_sec_mean": 357.97827146351733,
  "tokens_per_sec_std": 2.2552849132956108,
  "wall_clock_sec_mean": 5.3103964514994,
  "wall_clock_sec_std": 0.005801922154610761,
  "num_requests": 30,
  "concurrency": 5,
  "max_new_tokens": null,
  "warmup_requests": 2,
  "prompt_set": "default",
  "successful_requests_mean": 30,
  "failed_requests_total": 0,
  "strategy": "vllm",
  "load_config": "medium",
  "vllm_model": "mistral-7b",
  "tier": "capstone",
  "config": {
    "name": "medium",
    "num_requests": 30,
    "concurrency": 5,
    "max_new_tokens": 64
  }
}