{
  "runs": [
    {
      "num_requests": 20,
      "successful_requests": 20,
      "failed_requests": 0,
      "concurrency": 4,
      "warmup_requests": 2,
      "seed": 42,
      "wall_clock_sec": 7.133401882998442,
      "req_per_sec": 2.803711374746383,
      "p50_latency_sec": 0.623696516500786,
      "p95_latency_sec": 3.5064853270516325,
      "p99_latency_sec": 3.507623823008762,
      "tokens_per_sec": 225.41839452960923,
      "prompt_set": "long_context",
      "total_tokens": 1608,
      "errors": [],
      "run_idx": 1
    },
    {
      "num_requests": 20,
      "successful_requests": 20,
      "failed_requests": 0,
      "concurrency": 4,
      "warmup_requests": 2,
      "seed": 43,
      "wall_clock_sec": 11.453715404997638,
      "req_per_sec": 1.746158280768294,
      "p50_latency_sec": 1.0094140315013647,
      "p95_latency_sec": 3.5249108599000465,
      "p99_latency_sec": 3.531123295980433,
      "tokens_per_sec": 239.74753194948676,
      "prompt_set": "long_context",
      "total_tokens": 2746,
      "errors": [],
      "run_idx": 2
    }
  ],
  "num_runs": 2,
  "req_per_sec_mean": 2.2749348277573387,
  "req_per_sec_std": 0.747802964216721,
  "p50_latency_sec_mean": 0.8165552740010753,
  "p50_latency_sec_std": 0.27274347047933306,
  "p95_latency_sec_mean": 3.5156980934758395,
  "p95_latency_sec_std": 0.013028819224089003,
  "p99_latency_sec_mean": 3.5193735594945976,
  "p99_latency_sec_std": 0.016616636692578467,
  "tokens_per_sec_mean": 232.582963239548,
  "tokens_per_sec_std": 10.132230238149308,
  "wall_clock_sec_mean": 9.29355864399804,
  "wall_clock_sec_std": 3.054922988257568,
  "num_requests": 20,
  "concurrency": 4,
  "max_new_tokens": null,
  "warmup_requests": 2,
  "prompt_set": "long_context",
  "successful_requests_mean": 20,
  "failed_requests_total": 0,
  "strategy": "vllm",
  "load_config": "long_context",
  "vllm_model": "mistral-7b",
  "tier": "capstone",
  "config": {
    "name": "long_context",
    "num_requests": 20,
    "concurrency": 4,
    "max_new_tokens": 256,
    "prompt_set": "long_context"
  }
}