{
  "num_requests": 30,
  "concurrency": 5,
  "wall_clock_sec": 17.314508200001,
  "req_per_sec": 1.7326510030471594,
  "p50_latency_sec": 2.22839600000043,
  "p95_latency_sec": 4.217574039998908,
  "tokens_per_sec": 107.88640245640312
}