{
  "num_requests": 10,
  "concurrency": 2,
  "wall_clock_sec": 28.522487199999887,
  "req_per_sec": 0.3506005605289583,
  "p50_latency_sec": 5.622645650000777,
  "p95_latency_sec": 5.9861277650014015,
  "tokens_per_sec": 11.219217936926666
}