{
  "num_requests": 10,
  "concurrency": 2,
  "wall_clock_sec": 10.798597599998175,
  "req_per_sec": 0.9260461747367723,
  "p50_latency_sec": 2.0871744500018394,
  "p95_latency_sec": 3.0802901650000423,
  "tokens_per_sec": 27.688780624629494
}