{
  "num_requests": 30,
  "concurrency": 8,
  "wall_clock_sec": 26.952236399996764,
  "req_per_sec": 1.1130801746753602,
  "p50_latency_sec": 6.832847749998109,
  "p95_latency_sec": 7.898482070001773,
  "tokens_per_sec": 140.17389666411702
}