{
  "num_requests": 30,
  "concurrency": 5,
  "wall_clock_sec": 83.5533331000006,
  "req_per_sec": 0.35905210345222943,
  "p50_latency_sec": 11.924803649999376,
  "p95_latency_sec": 23.286651420001178,
  "tokens_per_sec": 22.979334620942684
}