{
  "num_requests": 30,
  "concurrency": 5,
  "wall_clock_sec": 52.74562870000227,
  "req_per_sec": 0.5687675119132424,
  "p50_latency_sec": 8.322699250002188,
  "p95_latency_sec": 9.559414880000986,
  "tokens_per_sec": 30.56177430680489
}