{
  "num_requests": 30,
  "concurrency": 5,
  "wall_clock_sec": 42.217711000001145,
  "req_per_sec": 0.7106022398987758,
  "p50_latency_sec": 6.214788499999486,
  "p95_latency_sec": 9.986121440000352,
  "tokens_per_sec": 31.408619003525892
}