{
  "num_requests": 30,
  "concurrency": 5,
  "wall_clock_sec": 138.11444090000077,
  "req_per_sec": 0.21721117505533655,
  "p50_latency_sec": 14.911689700000352,
  "p95_latency_sec": 39.016671699999456,
  "tokens_per_sec": 10.672309067718869
}