{
  "num_requests": 10,
  "concurrency": 2,
  "wall_clock_sec": 5.934275499999785,
  "req_per_sec": 1.6851256737238374,
  "p50_latency_sec": 1.0214690500015422,
  "p95_latency_sec": 1.8043719650020649,
  "tokens_per_sec": 53.924021559162796
}