{
  "num_requests": 10,
  "concurrency": 2,
  "wall_clock_sec": 9.747432500000286,
  "req_per_sec": 1.025911182252322,
  "p50_latency_sec": 2.0197817999996914,
  "p95_latency_sec": 2.6322698349995335,
  "tokens_per_sec": 29.648833167092103
}