{
  "num_requests": 30,
  "concurrency": 8,
  "wall_clock_sec": 100.61923240000033,
  "req_per_sec": 0.2981537354681698,
  "p50_latency_sec": 24.278978349999306,
  "p95_latency_sec": 33.704510104998185,
  "tokens_per_sec": 27.002789975567246
}